owner,label,type,liquidity,positions,in_range_positions,token_ids,cur_usdc,cur_lmts
0x5f0aea872b7d6dbcc181338f80048b130e443e3b,our_pool_wallet,ours,1926585737036164322,2,1,"4794403,4794448",95280.068083,1693498.412714
0x7aa70aa10cb9bf44304676acedec177a42a3aaa2,external,external,7892920529492594,1,1,4821639,38.583609,455.822105
