owner,label,type,liquidity,positions,in_range_positions,token_ids,cur_usdc,cur_lmts
0x5f0aea872b7d6dbcc181338f80048b130e443e3b,our_pool_wallet,ours,1926585737036164322,2,1,"4794403,4794448",119205.030249,1526001.577535
0xf8a06704ddffd100da19fd78fa74074c20a1e08d,external,external,16330850477079044,1,1,4799436,10.789018,58.792935
