owner,label,type,liquidity,positions,in_range_positions,token_ids,cur_usdc,cur_lmts
0x5f0aea872b7d6dbcc181338f80048b130e443e3b,our_pool_wallet,ours,1926585737036164322,2,1,"4794403,4794448",97249.870729,1678835.710488
0x7aa70aa10cb9bf44304676acedec177a42a3aaa2,external,external,7892920529492594,1,1,4821639,55.047556,333.268736
