owner,label,type,liquidity,positions,in_range_positions,token_ids,cur_usdc,cur_lmts
0x5f0aea872b7d6dbcc181338f80048b130e443e3b,our_pool_wallet,ours,1926585737036164322,2,1,"4794403,4794448",115694.808879,1549203.966991
0xf8a06704ddffd100da19fd78fa74074c20a1e08d,external,external,10153123664168616,1,0,4800230,0.000000,130.160976
0x7aa70aa10cb9bf44304676acedec177a42a3aaa2,external,external,7452870745058633,1,1,4800802,47.025004,621.505631
