owner,label,type,liquidity,positions,in_range_positions,token_ids,cur_usdc,cur_lmts
0x5f0aea872b7d6dbcc181338f80048b130e443e3b,our_pool_wallet,ours,1926585737036164322,2,1,"4794403,4794448",122568.516670,1504179.431713
0xf8a06704ddffd100da19fd78fa74074c20a1e08d,external,external,10697827583973985,1,0,4797883,20.835913,0.000000
